-- phpMyAdmin SQL Dump
-- version 5.2.1
-- https://www.phpmyadmin.net/
--
-- Hôte : 127.0.0.1
-- Généré le : sam. 16 mars 2024 à 04:20
-- Version du serveur : 10.4.32-MariaDB
-- Version de PHP : 8.2.12

SET SQL_MODE = "NO_AUTO_VALUE_ON_ZERO";
START TRANSACTION;
SET time_zone = "+00:00";


/*!40101 SET @OLD_CHARACTER_SET_CLIENT=@@CHARACTER_SET_CLIENT */;
/*!40101 SET @OLD_CHARACTER_SET_RESULTS=@@CHARACTER_SET_RESULTS */;
/*!40101 SET @OLD_COLLATION_CONNECTION=@@COLLATION_CONNECTION */;
/*!40101 SET NAMES utf8mb4 */;

--
-- Base de données : `isga`
--

-- --------------------------------------------------------

--
-- Structure de la table `account`
--

CREATE TABLE `account` (
  `id` int(20) NOT NULL,
  `accountNum` varchar(20) NOT NULL,
  `codeClient` int(20) NOT NULL,
  `solde` decimal(65,0) NOT NULL
) ENGINE=InnoDB DEFAULT CHARSET=utf8mb4 COLLATE=utf8mb4_general_ci;

--
-- Déchargement des données de la table `account`
--

INSERT INTO `account` (`id`, `accountNum`, `codeClient`, `solde`) VALUES
(1, '1001', 11, 8998600),
(2, '1002', 12, 72924),
(3, '1003', 14, 900560),
(4, '1004', 15, 2000),
(5, '1005', 16, 1554),
(6, '1006', 12, 24673),
(7, '10011', 12, 38300),
(8, '1007', 15, 12000),
(9, '1008', 10, 5000),
(10, '1009', 18, 9500),
(11, '1010', 22, 7000);

-- --------------------------------------------------------

--
-- Structure de la table `clientinfo`
--

CREATE TABLE `clientinfo` (
  `codeClient` int(20) NOT NULL,
  `nomClient` varchar(20) NOT NULL,
  `prenomClient` varchar(20) NOT NULL,
  `telClient` int(10) NOT NULL,
  `mailClient` varchar(50) NOT NULL
) ENGINE=InnoDB DEFAULT CHARSET=utf8mb4 COLLATE=utf8mb4_general_ci;

--
-- Déchargement des données de la table `clientinfo`
--

INSERT INTO `clientinfo` (`codeClient`, `nomClient`, `prenomClient`, `telClient`, `mailClient`) VALUES
(10, 'john', 'karim', 159753468, 'john.lm@example.com'),
(12, 'Saad', 'Lemzaouak', 618315969, 'saadlem@gmail.com'),
(14, 'Alice', 'Doe', 123456789, 'alice.doe@example.com'),
(15, 'Bob', 'Smith', 987654321, 'bob.smith@example.com'),
(16, 'Emma', 'Johnson', 456789123, 'emma.johnson@example.com'),
(17, 'James', 'Williams', 789123456, 'james.williams@example.com'),
(18, 'Sara', 'Jones', 321654987, 'sara.jones@example.com'),
(19, 'Michael', 'Brown', 654321789, 'michael.brown@example.com'),
(20, 'Linda', 'Davis', 987654123, 'linda.davis@example.com'),
(21, 'David', 'Taylor', 159753468, 'david.taylor@example.com');

-- --------------------------------------------------------

--
-- Structure de la table `commission`
--

CREATE TABLE `commission` (
  `id_commission` int(11) NOT NULL,
  `id_op` int(11) NOT NULL,
  `AccIdentifier` int(11) NOT NULL,
  `ValeurCom` decimal(10,0) NOT NULL
) ENGINE=InnoDB DEFAULT CHARSET=utf8mb4 COLLATE=utf8mb4_general_ci;

--
-- Déchargement des données de la table `commission`
--

INSERT INTO `commission` (`id_commission`, `id_op`, `AccIdentifier`, `ValeurCom`) VALUES
(190, 12, 1002, 75),
(191, 15, 1005, 40),
(192, 18, 1003, 30),
(193, 21, 1001, 250),
(194, 22, 10011, 250),
(195, 23, 10011, 350),
(196, 24, 10011, 150),
(197, 25, 10011, 225),
(198, 26, 10011, 300),
(199, 36, 1001, 10),
(200, 38, 1001, 10),
(201, 40, 1001, 10),
(202, 42, 10011, 10),
(203, 44, 10011, 50),
(204, 46, 10011, 25),
(205, 48, 1006, 5),
(206, 50, 1006, 5),
(207, 52, 1006, 10),
(208, 54, 1006, 10),
(209, 58, 1006, 61),
(210, 60, 1006, 0),
(211, 62, 1002, 25),
(212, 64, 1002, 25),
(213, 66, 1002, 25),
(214, 68, 1006, 6),
(215, 70, 1002, 25),
(216, 72, 1002, 25),
(217, 74, 1002, 3),
(218, 76, 1002, 27),
(219, 78, 1002, 45),
(220, 80, 1002, 40),
(221, 82, 1002, 500),
(253, 12, 1002, 75),
(254, 15, 1005, 40),
(255, 18, 1003, 30),
(256, 21, 1001, 250),
(257, 22, 10011, 250),
(258, 23, 10011, 350),
(259, 24, 10011, 150),
(260, 25, 10011, 225),
(261, 26, 10011, 300),
(262, 36, 1001, 10),
(263, 38, 1001, 10),
(264, 40, 1001, 10),
(265, 42, 10011, 10),
(266, 44, 10011, 50),
(267, 46, 10011, 25),
(268, 48, 1006, 5),
(269, 50, 1006, 5),
(270, 52, 1006, 10),
(271, 54, 1006, 10),
(272, 58, 1006, 61),
(273, 60, 1006, 0),
(274, 62, 1002, 25),
(275, 64, 1002, 25),
(276, 66, 1002, 25),
(277, 68, 1006, 6),
(278, 70, 1002, 25),
(279, 72, 1002, 25),
(280, 74, 1002, 3),
(281, 76, 1002, 27),
(282, 78, 1002, 45),
(283, 80, 1002, 40),
(284, 82, 1002, 500),
(285, 94, 1002, 10),
(316, 12, 1002, 75),
(317, 15, 1005, 40),
(318, 18, 1003, 30),
(319, 21, 1001, 250),
(320, 22, 10011, 250),
(321, 23, 10011, 350),
(322, 24, 10011, 150),
(323, 25, 10011, 225),
(324, 26, 10011, 300),
(325, 36, 1001, 10),
(326, 38, 1001, 10),
(327, 40, 1001, 10),
(328, 42, 10011, 10),
(329, 44, 10011, 50),
(330, 46, 10011, 25),
(331, 48, 1006, 5),
(332, 50, 1006, 5),
(333, 52, 1006, 10),
(334, 54, 1006, 10),
(335, 58, 1006, 61),
(336, 60, 1006, 0),
(337, 62, 1002, 25),
(338, 64, 1002, 25),
(339, 66, 1002, 25),
(340, 68, 1006, 6),
(341, 70, 1002, 25),
(342, 72, 1002, 25),
(343, 74, 1002, 3),
(344, 76, 1002, 27),
(345, 78, 1002, 45),
(346, 80, 1002, 40),
(347, 82, 1002, 500),
(348, 94, 1002, 10),
(379, 12, 1002, 75),
(380, 15, 1005, 40),
(381, 18, 1003, 30),
(382, 21, 1001, 250),
(383, 22, 10011, 250),
(384, 23, 10011, 350),
(385, 24, 10011, 150),
(386, 25, 10011, 225),
(387, 26, 10011, 300),
(388, 36, 1001, 10),
(389, 38, 1001, 10),
(390, 40, 1001, 10),
(391, 42, 10011, 10),
(392, 44, 10011, 50),
(393, 46, 10011, 25),
(394, 48, 1006, 5),
(395, 50, 1006, 5),
(396, 52, 1006, 10),
(397, 54, 1006, 10),
(398, 58, 1006, 61),
(399, 60, 1006, 0),
(400, 62, 1002, 25),
(401, 64, 1002, 25),
(402, 66, 1002, 25),
(403, 68, 1006, 6),
(404, 70, 1002, 25),
(405, 72, 1002, 25),
(406, 74, 1002, 3),
(407, 76, 1002, 27),
(408, 78, 1002, 45),
(409, 80, 1002, 40),
(410, 82, 1002, 500),
(411, 94, 1002, 10),
(412, 96, 1006, 500),
(442, 12, 1002, 75),
(443, 15, 1005, 40),
(444, 18, 1003, 30),
(445, 21, 1001, 250),
(446, 22, 10011, 250),
(447, 23, 10011, 350),
(448, 24, 10011, 150),
(449, 25, 10011, 225),
(450, 26, 10011, 300),
(451, 36, 1001, 10),
(452, 38, 1001, 10),
(453, 40, 1001, 10),
(454, 42, 10011, 10),
(455, 44, 10011, 50),
(456, 46, 10011, 25),
(457, 48, 1006, 5),
(458, 50, 1006, 5),
(459, 52, 1006, 10),
(460, 54, 1006, 10),
(461, 58, 1006, 61),
(462, 60, 1006, 0),
(463, 62, 1002, 25),
(464, 64, 1002, 25),
(465, 66, 1002, 25),
(466, 68, 1006, 6),
(467, 70, 1002, 25),
(468, 72, 1002, 25),
(469, 74, 1002, 3),
(470, 76, 1002, 27),
(471, 78, 1002, 45),
(472, 80, 1002, 40),
(473, 82, 1002, 500),
(474, 94, 1002, 10),
(475, 96, 1006, 500),
(505, 12, 1002, 75),
(506, 15, 1005, 40),
(507, 18, 1003, 30),
(508, 21, 1001, 250),
(509, 22, 10011, 250),
(510, 23, 10011, 350),
(511, 24, 10011, 150),
(512, 25, 10011, 225),
(513, 26, 10011, 300),
(514, 36, 1001, 10),
(515, 38, 1001, 10),
(516, 40, 1001, 10),
(517, 42, 10011, 10),
(518, 44, 10011, 50),
(519, 46, 10011, 25),
(520, 48, 1006, 5),
(521, 50, 1006, 5),
(522, 52, 1006, 10),
(523, 54, 1006, 10),
(524, 58, 1006, 61),
(525, 60, 1006, 0),
(526, 62, 1002, 25),
(527, 64, 1002, 25),
(528, 66, 1002, 25),
(529, 68, 1006, 6),
(530, 70, 1002, 25),
(531, 72, 1002, 25),
(532, 74, 1002, 3),
(533, 76, 1002, 27),
(534, 78, 1002, 45),
(535, 80, 1002, 40),
(536, 82, 1002, 500),
(537, 94, 1002, 10),
(538, 96, 1006, 500),
(539, 98, 1006, 0),
(568, 12, 1002, 75),
(569, 15, 1005, 40),
(570, 18, 1003, 30),
(571, 21, 1001, 250),
(572, 22, 10011, 250),
(573, 23, 10011, 350),
(574, 24, 10011, 150),
(575, 25, 10011, 225),
(576, 26, 10011, 300),
(577, 36, 1001, 10),
(578, 38, 1001, 10),
(579, 40, 1001, 10),
(580, 42, 10011, 10),
(581, 44, 10011, 50),
(582, 46, 10011, 25),
(583, 48, 1006, 5),
(584, 50, 1006, 5),
(585, 52, 1006, 10),
(586, 54, 1006, 10),
(587, 58, 1006, 61),
(588, 60, 1006, 0),
(589, 62, 1002, 25),
(590, 64, 1002, 25),
(591, 66, 1002, 25),
(592, 68, 1006, 6),
(593, 70, 1002, 25),
(594, 72, 1002, 25),
(595, 74, 1002, 3),
(596, 76, 1002, 27),
(597, 78, 1002, 45),
(598, 80, 1002, 40),
(599, 82, 1002, 500),
(600, 94, 1002, 10),
(601, 96, 1006, 500),
(602, 98, 1006, 0),
(631, 12, 1002, 75),
(632, 15, 1005, 40),
(633, 18, 1003, 30),
(634, 21, 1001, 250),
(635, 22, 10011, 250),
(636, 23, 10011, 350),
(637, 24, 10011, 150),
(638, 25, 10011, 225),
(639, 26, 10011, 300),
(640, 36, 1001, 10),
(641, 38, 1001, 10),
(642, 40, 1001, 10),
(643, 42, 10011, 10),
(644, 44, 10011, 50),
(645, 46, 10011, 25),
(646, 48, 1006, 5),
(647, 50, 1006, 5),
(648, 52, 1006, 10),
(649, 54, 1006, 10),
(650, 58, 1006, 61),
(651, 60, 1006, 0),
(652, 62, 1002, 25),
(653, 64, 1002, 25),
(654, 66, 1002, 25),
(655, 68, 1006, 6),
(656, 70, 1002, 25),
(657, 72, 1002, 25),
(658, 74, 1002, 3),
(659, 76, 1002, 27),
(660, 78, 1002, 45),
(661, 80, 1002, 40),
(662, 82, 1002, 500),
(663, 94, 1002, 10),
(664, 96, 1006, 500),
(665, 98, 1006, 0),
(666, 100, 1006, 25),
(694, 12, 1002, 75),
(695, 15, 1005, 40),
(696, 18, 1003, 30),
(697, 21, 1001, 250),
(698, 22, 10011, 250),
(699, 23, 10011, 350),
(700, 24, 10011, 150),
(701, 25, 10011, 225),
(702, 26, 10011, 300),
(703, 36, 1001, 10),
(704, 38, 1001, 10),
(705, 40, 1001, 10),
(706, 42, 10011, 10),
(707, 44, 10011, 50),
(708, 46, 10011, 25),
(709, 48, 1006, 5),
(710, 50, 1006, 5),
(711, 52, 1006, 10),
(712, 54, 1006, 10),
(713, 58, 1006, 61),
(714, 60, 1006, 0),
(715, 62, 1002, 25),
(716, 64, 1002, 25),
(717, 66, 1002, 25),
(718, 68, 1006, 6),
(719, 70, 1002, 25),
(720, 72, 1002, 25),
(721, 74, 1002, 3),
(722, 76, 1002, 27),
(723, 78, 1002, 45),
(724, 80, 1002, 40),
(725, 82, 1002, 500),
(726, 94, 1002, 10),
(727, 96, 1006, 500),
(728, 98, 1006, 0),
(729, 100, 1006, 25),
(757, 12, 1002, 75),
(758, 15, 1005, 40),
(759, 18, 1003, 30),
(760, 21, 1001, 250),
(761, 22, 10011, 250),
(762, 23, 10011, 350),
(763, 24, 10011, 150),
(764, 25, 10011, 225),
(765, 26, 10011, 300),
(766, 36, 1001, 10),
(767, 38, 1001, 10),
(768, 40, 1001, 10),
(769, 42, 10011, 10),
(770, 44, 10011, 50),
(771, 46, 10011, 25),
(772, 48, 1006, 5),
(773, 50, 1006, 5),
(774, 52, 1006, 10),
(775, 54, 1006, 10),
(776, 58, 1006, 61),
(777, 60, 1006, 0),
(778, 62, 1002, 25),
(779, 64, 1002, 25),
(780, 66, 1002, 25),
(781, 68, 1006, 6),
(782, 70, 1002, 25),
(783, 72, 1002, 25),
(784, 74, 1002, 3),
(785, 76, 1002, 27),
(786, 78, 1002, 45),
(787, 80, 1002, 40),
(788, 82, 1002, 500),
(789, 94, 1002, 10),
(790, 96, 1006, 500),
(791, 98, 1006, 0),
(792, 100, 1006, 25),
(793, 102, 1002, 25),
(820, 12, 1002, 75),
(821, 15, 1005, 40),
(822, 18, 1003, 30),
(823, 21, 1001, 250),
(824, 22, 10011, 250),
(825, 23, 10011, 350),
(826, 24, 10011, 150),
(827, 25, 10011, 225),
(828, 26, 10011, 300),
(829, 36, 1001, 10),
(830, 38, 1001, 10),
(831, 40, 1001, 10),
(832, 42, 10011, 10),
(833, 44, 10011, 50),
(834, 46, 10011, 25),
(835, 48, 1006, 5),
(836, 50, 1006, 5),
(837, 52, 1006, 10),
(838, 54, 1006, 10),
(839, 58, 1006, 61),
(840, 60, 1006, 0),
(841, 62, 1002, 25),
(842, 64, 1002, 25),
(843, 66, 1002, 25),
(844, 68, 1006, 6),
(845, 70, 1002, 25),
(846, 72, 1002, 25),
(847, 74, 1002, 3),
(848, 76, 1002, 27),
(849, 78, 1002, 45),
(850, 80, 1002, 40),
(851, 82, 1002, 500),
(852, 94, 1002, 10),
(853, 96, 1006, 500),
(854, 98, 1006, 0),
(855, 100, 1006, 25),
(856, 102, 1002, 25),
(883, 12, 1002, 75),
(884, 15, 1005, 40),
(885, 18, 1003, 30),
(886, 21, 1001, 250),
(887, 22, 10011, 250),
(888, 23, 10011, 350),
(889, 24, 10011, 150),
(890, 25, 10011, 225),
(891, 26, 10011, 300),
(892, 36, 1001, 10),
(893, 38, 1001, 10),
(894, 40, 1001, 10),
(895, 42, 10011, 10),
(896, 44, 10011, 50),
(897, 46, 10011, 25),
(898, 48, 1006, 5),
(899, 50, 1006, 5),
(900, 52, 1006, 10),
(901, 54, 1006, 10),
(902, 58, 1006, 61),
(903, 60, 1006, 0),
(904, 62, 1002, 25),
(905, 64, 1002, 25),
(906, 66, 1002, 25),
(907, 68, 1006, 6),
(908, 70, 1002, 25),
(909, 72, 1002, 25),
(910, 74, 1002, 3),
(911, 76, 1002, 27),
(912, 78, 1002, 45),
(913, 80, 1002, 40),
(914, 82, 1002, 500),
(915, 94, 1002, 10),
(916, 96, 1006, 500),
(917, 98, 1006, 0),
(918, 100, 1006, 25),
(919, 102, 1002, 25),
(920, 104, 1002, 500),
(946, 12, 1002, 75),
(947, 15, 1005, 40),
(948, 18, 1003, 30),
(949, 21, 1001, 250),
(950, 22, 10011, 250),
(951, 23, 10011, 350),
(952, 24, 10011, 150),
(953, 25, 10011, 225),
(954, 26, 10011, 300),
(955, 36, 1001, 10),
(956, 38, 1001, 10),
(957, 40, 1001, 10),
(958, 42, 10011, 10),
(959, 44, 10011, 50),
(960, 46, 10011, 25),
(961, 48, 1006, 5),
(962, 50, 1006, 5),
(963, 52, 1006, 10),
(964, 54, 1006, 10),
(965, 58, 1006, 61),
(966, 60, 1006, 0),
(967, 62, 1002, 25),
(968, 64, 1002, 25),
(969, 66, 1002, 25),
(970, 68, 1006, 6),
(971, 70, 1002, 25),
(972, 72, 1002, 25),
(973, 74, 1002, 3),
(974, 76, 1002, 27),
(975, 78, 1002, 45),
(976, 80, 1002, 40),
(977, 82, 1002, 500),
(978, 94, 1002, 10),
(979, 96, 1006, 500),
(980, 98, 1006, 0),
(981, 100, 1006, 25),
(982, 102, 1002, 25),
(983, 104, 1002, 500),
(1009, 12, 1002, 75),
(1010, 15, 1005, 40),
(1011, 18, 1003, 30),
(1012, 21, 1001, 250),
(1013, 22, 10011, 250),
(1014, 23, 10011, 350),
(1015, 24, 10011, 150),
(1016, 25, 10011, 225),
(1017, 26, 10011, 300),
(1018, 36, 1001, 10),
(1019, 38, 1001, 10),
(1020, 40, 1001, 10),
(1021, 42, 10011, 10),
(1022, 44, 10011, 50),
(1023, 46, 10011, 25),
(1024, 48, 1006, 5),
(1025, 50, 1006, 5),
(1026, 52, 1006, 10),
(1027, 54, 1006, 10),
(1028, 58, 1006, 61),
(1029, 60, 1006, 0),
(1030, 62, 1002, 25),
(1031, 64, 1002, 25),
(1032, 66, 1002, 25),
(1033, 68, 1006, 6),
(1034, 70, 1002, 25),
(1035, 72, 1002, 25),
(1036, 74, 1002, 3),
(1037, 76, 1002, 27),
(1038, 78, 1002, 45),
(1039, 80, 1002, 40),
(1040, 82, 1002, 500),
(1041, 94, 1002, 10),
(1042, 96, 1006, 500),
(1043, 98, 1006, 0),
(1044, 100, 1006, 25),
(1045, 102, 1002, 25),
(1046, 104, 1002, 500),
(1047, 106, 1002, 25),
(1072, 12, 1002, 75),
(1073, 15, 1005, 40),
(1074, 18, 1003, 30),
(1075, 21, 1001, 250),
(1076, 22, 10011, 250),
(1077, 23, 10011, 350),
(1078, 24, 10011, 150),
(1079, 25, 10011, 225),
(1080, 26, 10011, 300),
(1081, 36, 1001, 10),
(1082, 38, 1001, 10),
(1083, 40, 1001, 10),
(1084, 42, 10011, 10),
(1085, 44, 10011, 50),
(1086, 46, 10011, 25),
(1087, 48, 1006, 5),
(1088, 50, 1006, 5),
(1089, 52, 1006, 10),
(1090, 54, 1006, 10),
(1091, 58, 1006, 61),
(1092, 60, 1006, 0),
(1093, 62, 1002, 25),
(1094, 64, 1002, 25),
(1095, 66, 1002, 25),
(1096, 68, 1006, 6),
(1097, 70, 1002, 25),
(1098, 72, 1002, 25),
(1099, 74, 1002, 3),
(1100, 76, 1002, 27),
(1101, 78, 1002, 45),
(1102, 80, 1002, 40),
(1103, 82, 1002, 500),
(1104, 94, 1002, 10),
(1105, 96, 1006, 500),
(1106, 98, 1006, 0),
(1107, 100, 1006, 25),
(1108, 102, 1002, 25),
(1109, 104, 1002, 500),
(1110, 106, 1002, 25);

-- --------------------------------------------------------

--
-- Structure de la table `operation`
--

CREATE TABLE `operation` (
  `idOperation` int(255) NOT NULL,
  `dateOperation` datetime NOT NULL DEFAULT current_timestamp(),
  `typeOperation` varchar(30) NOT NULL,
  `accountNum` varchar(20) NOT NULL,
  `montant` decimal(50,0) NOT NULL,
  `codeClient` varchar(20) DEFAULT NULL
) ENGINE=InnoDB DEFAULT CHARSET=utf8mb4 COLLATE=utf8mb4_general_ci;

--
-- Déchargement des données de la table `operation`
--

INSERT INTO `operation` (`idOperation`, `dateOperation`, `typeOperation`, `accountNum`, `montant`, `codeClient`) VALUES
(11, '2024-01-14 09:00:00', 'retrait', '1001', 500, '11'),
(12, '2024-01-14 10:30:00', 'transfer', '1002', 1500, '12'),
(13, '2024-01-14 12:15:00', 'deposit', '1003', 1000, '14'),
(14, '2024-01-14 14:45:00', 'retrait', '1004', 300, '15'),
(15, '2024-01-14 16:20:00', 'transfer', '1005', 800, '16'),
(16, '2024-01-14 18:10:00', 'deposit', '1001', 700, '11'),
(17, '2024-01-14 20:40:00', 'retrait', '1002', 400, '12'),
(18, '2024-01-14 22:25:00', 'transfer', '1003', 600, '14'),
(19, '2024-01-14 23:55:00', 'deposit', '1004', 200, '15'),
(20, '2024-01-15 01:30:00', 'retrait', '1005', 1000, '16'),
(21, '2024-01-14 21:12:25', 'transfer', '1001', 5000, '11'),
(22, '2024-01-14 21:12:25', 'transfer', '10011', 5000, '12'),
(23, '2024-01-14 22:30:00', 'transfer', '10011', 7000, '12'),
(24, '2024-01-15 08:45:00', 'transfer', '10011', 3000, '12'),
(25, '2024-01-15 12:15:00', 'transfer', '10011', 4500, '12'),
(26, '2024-01-16 09:30:00', 'transfer', '10011', 6000, '12'),
(27, '2024-01-16 14:45:00', 'retrait', '10011', 2000, '12'),
(28, '2024-01-17 10:00:00', 'retrait', '10011', 3000, '12'),
(29, '2024-01-17 15:20:00', 'retrait', '10011', 1500, '12'),
(30, '2024-01-18 11:30:00', 'retrait', '10011', 2500, '12'),
(31, '2024-01-18 16:45:00', 'retrait', '10011', 1800, '12'),
(36, '2024-01-18 18:52:32', 'transfer', '1001', 200, '11'),
(37, '2024-01-18 18:52:32', 'deposit', '1002', 200, '12'),
(38, '2024-02-07 21:37:07', 'transfer', '1001', 200, '11'),
(39, '2024-02-07 21:37:07', 'deposit', '1002', 200, '12'),
(40, '2024-02-07 21:37:36', 'transfer', '1001', 200, '11'),
(41, '2024-02-07 21:37:36', 'deposit', '1002', 200, '12'),
(42, '2024-02-07 23:34:42', 'transfer', '10011', 200, '12'),
(43, '2024-02-07 23:34:42', 'deposit', '1006', 200, '12'),
(44, '2024-02-07 23:38:27', 'transfer', '10011', 1000, '12'),
(45, '2024-02-07 23:38:27', 'deposit', '1006', 1000, '12'),
(46, '2024-02-07 23:39:27', 'transfer', '10011', 500, '12'),
(47, '2024-02-07 23:39:27', 'deposit', '1002', 500, '12'),
(48, '2024-02-07 23:44:30', 'transfer', '1006', 100, '12'),
(49, '2024-02-07 23:44:30', 'deposit', '1002', 100, '12'),
(50, '2024-02-07 23:44:30', 'transfer', '1006', 100, '12'),
(51, '2024-02-07 23:44:30', 'deposit', '1002', 100, '12'),
(52, '2024-02-07 23:45:50', 'transfer', '1006', 200, '12'),
(53, '2024-02-07 23:45:50', 'deposit', '1002', 200, '12'),
(54, '2024-02-07 23:45:50', 'transfer', '1006', 200, '12'),
(55, '2024-02-07 23:45:50', 'deposit', '1002', 200, '12'),
(58, '2024-02-07 23:49:27', 'transfer', '1006', 1220, '12'),
(59, '2024-02-07 23:49:27', 'deposit', '1002', 1220, '12'),
(60, '2024-02-07 23:50:23', 'transfer', '1006', 5, '12'),
(61, '2024-02-07 23:50:23', 'deposit', '1002', 5, '12'),
(62, '2024-02-07 23:55:11', 'transfer', '1002', 500, '12'),
(63, '2024-02-07 23:55:11', 'deposit', '1002', 500, '12'),
(64, '2024-02-07 23:56:36', 'transfer', '1002', 500, '12'),
(65, '2024-02-07 23:56:36', 'deposit', '1005', 500, '16'),
(66, '2024-02-07 23:58:15', 'transfer', '1002', 500, '12'),
(67, '2024-02-07 23:58:15', 'deposit', '1006', 500, '12'),
(68, '2024-02-07 23:58:36', 'transfer', '1006', 122, '12'),
(69, '2024-02-07 23:58:36', 'deposit', '1006', 122, '12'),
(70, '2024-02-08 00:09:06', 'transfer', '1002', 500, '12'),
(71, '2024-02-08 00:09:06', 'deposit', '1005', 500, '16'),
(72, '2024-02-08 00:12:58', 'transfer', '1002', 500, '12'),
(73, '2024-02-08 00:12:58', 'deposit', '1006', 500, '12'),
(74, '2024-02-08 00:13:07', 'transfer', '1002', 54, '12'),
(75, '2024-02-08 00:13:07', 'deposit', '1005', 54, '16'),
(76, '2024-02-08 00:13:54', 'transfer', '1002', 547, '12'),
(77, '2024-02-08 00:13:54', 'deposit', '2005', 547, NULL),
(78, '2024-02-08 00:16:27', 'transfer', '1002', 900, '12'),
(79, '2024-02-08 00:16:27', 'deposit', '2009', 900, NULL),
(80, '2024-02-08 00:18:46', 'transfer', '1002', 800, '12'),
(81, '2024-02-08 00:18:46', 'deposit', '1006', 800, '12'),
(82, '2024-02-11 14:45:35', 'transfer', '1002', 10000, '12'),
(83, '2024-02-11 14:45:35', 'deposit', '1006', 10000, '12'),
(94, '2024-03-15 15:13:38', 'transfer', '1002', 200, '12'),
(95, '2024-03-15 15:13:38', 'deposit', '1006', 200, '12'),
(96, '2024-03-15 15:15:03', 'transfer', '1006', 10000, '12'),
(97, '2024-03-15 15:15:03', 'deposit', '10011', 10000, '12'),
(98, '2024-03-15 16:07:27', 'transfer', '1006', 0, '12'),
(99, '2024-03-15 16:07:27', 'deposit', '1002', 0, '12'),
(100, '2024-03-15 16:12:43', 'transfer', '1006', 500, '12'),
(101, '2024-03-15 16:12:43', 'deposit', '1002', 500, '12'),
(102, '2024-03-15 16:48:47', 'transfer', '1002', 500, '12'),
(103, '2024-03-15 16:48:47', 'deposit', '1006', 500, '12'),
(104, '2024-03-15 16:50:21', 'transfer', '1002', 10000, '12'),
(105, '2024-03-15 16:50:21', 'deposit', '1006', 10000, '12'),
(106, '2024-03-16 02:44:55', 'transfer', '1002', 500, '12'),
(107, '2024-03-16 02:44:55', 'deposit', '1006', 500, '12');

--
-- Déclencheurs `operation`
--
DELIMITER $$
CREATE TRIGGER `s` AFTER INSERT ON `operation` FOR EACH ROW insert into commission (id_op,AccIdentifier,ValeurCom) 
SELECT idOperation,accountNum,ROUND(montant * 0.05, 2)
from operation where typeOperation="transfer"
$$
DELIMITER ;

-- --------------------------------------------------------

--
-- Structure de la table `user`
--

CREATE TABLE `user` (
  `Id` int(11) NOT NULL,
  `username` varchar(20) NOT NULL,
  `password` varchar(10000) NOT NULL,
  `codeClient` int(20) NOT NULL
) ENGINE=InnoDB DEFAULT CHARSET=utf8mb4 COLLATE=utf8mb4_general_ci;

--
-- Déchargement des données de la table `user`
--

INSERT INTO `user` (`Id`, `username`, `password`, `codeClient`) VALUES
(1, 'saad', '347602146a923872538f3803eb5f3cef', 12),
(2, 'john', 'password2', 13),
(3, 'alice', 'password3', 14),
(4, 'bob', 'password4', 15),
(5, 'emma', 'password5', 16),
(6, 'james', 'password6', 17),
(7, 'sara', 'password7', 18),
(8, 'michael', 'password8', 19),
(9, 'linda', 'password9', 20),
(10, 'david', 'password10', 21);

-- --------------------------------------------------------

--
-- Structure de la table `user_role`
--

CREATE TABLE `user_role` (
  `id` int(11) NOT NULL,
  `role` varchar(11) NOT NULL
) ENGINE=InnoDB DEFAULT CHARSET=utf8mb4 COLLATE=utf8mb4_general_ci;

--
-- Déchargement des données de la table `user_role`
--

INSERT INTO `user_role` (`id`, `role`) VALUES
(1, 'user');

--
-- Index pour les tables déchargées
--

--
-- Index pour la table `account`
--
ALTER TABLE `account`
  ADD PRIMARY KEY (`id`),
  ADD UNIQUE KEY `accountNum` (`accountNum`);

--
-- Index pour la table `clientinfo`
--
ALTER TABLE `clientinfo`
  ADD UNIQUE KEY `codeClient` (`codeClient`,`nomClient`,`prenomClient`);

--
-- Index pour la table `commission`
--
ALTER TABLE `commission`
  ADD PRIMARY KEY (`id_commission`);

--
-- Index pour la table `operation`
--
ALTER TABLE `operation`
  ADD PRIMARY KEY (`idOperation`);

--
-- Index pour la table `user`
--
ALTER TABLE `user`
  ADD PRIMARY KEY (`Id`);

--
-- Index pour la table `user_role`
--
ALTER TABLE `user_role`
  ADD PRIMARY KEY (`id`);

--
-- AUTO_INCREMENT pour les tables déchargées
--

--
-- AUTO_INCREMENT pour la table `account`
--
ALTER TABLE `account`
  MODIFY `id` int(20) NOT NULL AUTO_INCREMENT, AUTO_INCREMENT=12;

--
-- AUTO_INCREMENT pour la table `commission`
--
ALTER TABLE `commission`
  MODIFY `id_commission` int(11) NOT NULL AUTO_INCREMENT, AUTO_INCREMENT=1135;

--
-- AUTO_INCREMENT pour la table `operation`
--
ALTER TABLE `operation`
  MODIFY `idOperation` int(255) NOT NULL AUTO_INCREMENT, AUTO_INCREMENT=108;

--
-- AUTO_INCREMENT pour la table `user`
--
ALTER TABLE `user`
  MODIFY `Id` int(11) NOT NULL AUTO_INCREMENT, AUTO_INCREMENT=11;
COMMIT;

/*!40101 SET CHARACTER_SET_CLIENT=@OLD_CHARACTER_SET_CLIENT */;
/*!40101 SET CHARACTER_SET_RESULTS=@OLD_CHARACTER_SET_RESULTS */;
/*!40101 SET COLLATION_CONNECTION=@OLD_COLLATION_CONNECTION */;
